{"RepetitionTime": 1.75, "TaskName": "ARC", "SliceTiming": [0.0, 0.05555555555555555, 0.1111111111111111, 0.16666666666666666, 0.2222222222222222, 0.2777777777777778, 0.3333333333333333, 0.38888888888888884, 0.4444444444444444, 0.5, 0.5555555555555556, 0.611111111111111, 0.6666666666666666, 0.7222222222222222, 0.7777777777777777, 0.8333333333333333, 0.8888888888888888, 0.9444444444444444, 1.0, 1.0555555555555556, 1.1111111111111112, 1.1666666666666665, 1.222222222222222, 1.2777777777777777, 1.3333333333333333, 1.3888888888888888, 1.4444444444444444, 1.5, 1.5555555555555554, 1.611111111111111, 1.6666666666666665, 1.722222222222222, 0.027777777777777776, 0.08333333333333333, 0.1388888888888889, 0.19444444444444442, 0.25, 0.3055555555555555, 0.3611111111111111, 0.41666666666666663, 0.4722222222222222, 0.5277777777777778, 0.5833333333333333, 0.6388888888888888, 0.6944444444444444, 0.75, 0.8055555555555555, 0.861111111111111, 0.9166666666666667, 0.9722222222222223, 1.027777777777778, 1.0833333333333335, 1.1388888888888888, 1.1944444444444444, 1.25, 1.3055555555555556, 1.3611111111111112, 1.4166666666666667, 1.4722222222222223, 1.5277777777777777, 1.5833333333333333, 1.6388888888888888, 1.6944444444444444]}
